1,Aller Anfang ist schwer.,Deutsches Sprichwort,万事开头难。,德国谚语
2,Übung macht den Meister.,Deutsches Sprichwort,熟能生巧。,德国谚语
3,"Wer rastet, der rostet.",Deutsches Sprichwort,谁停歇，谁生锈。（业精于勤荒于嬉。）,德国谚语
4,Ohne Fleiß kein Preis.,Deutsches Sprichwort,一分耕耘，一分收获。,德国谚语
5,"Ende gut, alles gut.",Deutsches Sprichwort,结局好，一切都好。,德国谚语
6,"Wer die Wahl hat, hat die Qual.",Deutsches Sprichwort,有选择，就有烦恼。（难以抉择。）,德国谚语
7,"Reden ist Silber, Schweigen ist Gold.",Deutsches Sprichwort,开口是银，沉默是金。,德国谚语
8,"Morgen, morgen, nur nicht heute! Sprechen immer träge Leute.",Christian Felix Weiße,明天，明天，偏偏不是今天！懒人总是这样说。,克里斯蒂安·费利克斯·魏斯
9,"Aller Anfang ist leicht, und die letzten Stufen werden am schwersten und seltensten erstiegen.",Johann Wolfgang von Goethe,开头总是容易的，而最后的台阶最难攀登，也最少有人登上。,约翰·沃尔夫冈·冯·歌德
10,Lügen haben kurze Beine.,Deutsches Sprichwort,谎言站不住脚。（谎言腿短。）,德国谚语
11,Probieren geht über Studieren.,Deutsches Sprichwort,实践出真知。,德国谚语
12,Ein Unglück kommt selten allein.,Deutsches Sprichwort,祸不单行。,德国谚语
13,Steter Tropfen höhlt den Stein.,Deutsches Sprichwort,滴水穿石。,德国谚语
14,Taten sagen mehr als Worte.,Deutsches Sprichwort,事实胜于雄辩。（行动胜于言语。）,德国谚语
15,"Aus den Augen, aus dem Sinn.",Deutsches Sprichwort,离久情疏。（眼不见，心不想。）,德国谚语
16,Jeder ist seines Glückes Schmied.,Deutsches Sprichwort,命运掌握在自己手中。（每个人都是自己命运的铁匠。）,德国谚语
17,Hunger ist der beste Koch.,Deutsches Sprichwort,饥饿是最好的厨师。,德国谚语
18,Besser spät als nie.,Deutsches Sprichwort,迟做总比不做好。,德国谚语
19,"Es irrt der Mensch, solang er strebt.",Johann Wolfgang von Goethe,人只要奋斗，难免会犯错。,约翰·沃尔夫冈·冯·歌德
20,Verweile doch! Du bist so schön!,Johann Wolfgang von Goethe,停一停吧，你真美！,约翰·沃尔夫冈·冯·歌德
21,"Hier bin ich Mensch, hier darf ich's sein!",Johann Wolfgang von Goethe,在这里我是个人，在这里我可以做个人！,约翰·沃尔夫冈·冯·歌德
22,"Die Botschaft hör ich wohl, allein mir fehlt der Glaube.",Johann Wolfgang von Goethe,这消息我固然听到了，只是我缺乏信仰。,约翰·沃尔夫冈·冯·歌德
23,"Was glänzt, ist für den Augenblick geboren, das Echte bleibt der Nachwelt unverloren.",Johann Wolfgang von Goethe,闪耀之物只为瞬间而生，真正之物将传之后世。,约翰·沃尔夫冈·冯·歌德
24,"Willst du immer weiter schweifen? Sieh, das Gute liegt so nah.",Johann Wolfgang von Goethe,难道你总想去远方流浪？看吧，美好就在身旁。,约翰·沃尔夫冈·冯·歌德
25,"Anfangen ist leicht, Beharren eine Kunst.",Deutsches Sprichwort,万事开头易，坚持才是艺术。,德国谚语
26,Die Kunst ist eine Tochter der Freiheit.,Friedrich Schiller,艺术是自由的女儿。,弗里德里希·席勒
27,Dem Mutigen hilft Gott.,Friedrich Schiller,上帝眷顾勇敢之人。,弗里德里希·席勒
28,"Spät kommt Ihr, doch Ihr kommt!",Friedrich Schiller,您来迟了，但您终究还是来了！,弗里德里希·席勒
29,Was ist der langen Rede kurzer Sinn?,Friedrich Schiller,这长篇大论的简短主旨是什么？,弗里德里希·席勒
30,"Der Mensch ist frei geschaffen, ist frei, und würd er in Ketten geboren.",Friedrich Schiller,人生而自由，即使生来带着枷锁也是自由的。,弗里德里希·席勒
31,"Was mich nicht umbringt, macht mich stärker.",Friedrich Nietzsche,凡杀不死我的，必使我更强大。,弗里德里希·尼采
32,Ohne Musik wäre das Leben ein Irrtum.,Friedrich Nietzsche,没有音乐，生命将是一种错误。,弗里德里希·尼采
33,"Hat man sein Warum des Lebens, so verträgt man sich fast mit jedem Wie.",Friedrich Nietzsche,一个人若知道自己为什么而活，就能忍受几乎任何一种生活。,弗里德里希·尼采
34,In der Rache und in der Liebe ist das Weib barbarischer als der Mann.,Friedrich Nietzsche,在复仇和爱情中，女人比男人更野蛮。,弗里德里希·尼采
35,"Reife des Mannes: das heißt den Ernst wiedergefunden haben, den man als Kind hatte, beim Spiel.",Friedrich Nietzsche,男人的成熟，就是重新找回儿时游戏时的那份认真。,弗里德里希·尼采
36,"Man lügt wohl mit dem Munde, aber mit dem Maule, das man dabei macht, sagt man doch noch die Wahrheit.",Friedrich Nietzsche,人固然可以用嘴说谎，但说谎时摆出的那副嘴脸，却仍然道出了真相。,弗里德里希·尼采
37,Jedem Anfang wohnt ein Zauber inne.,Hermann Hesse,每一个开端都自带神奇的魔力。,赫尔曼·黑塞
38,Eile mit Weile.,Deutsches Sprichwort,欲速则不达。（忙中要从容。）,德国谚语
39,Sinn bekommt das Leben nur durch die Liebe.,Hermann Hesse (zugeschrieben),唯有爱，才能赋予生命意义。,赫尔曼·黑塞（据传）
40,"Wenn wir einen Menschen hassen, hassen wir in seinem Bild etwas, was in uns selber sitzt.",Hermann Hesse,当我们恨一个人时，我们恨的是他形象中那个存在于我们自己体内的东西。,赫尔曼·黑塞
41,"Glück ist Liebe, nichts anderes. Wer lieben kann, ist glücklich.",Hermann Hesse (zugeschrieben),幸福就是爱，再无其他。能去爱的人就是幸福的。,赫尔曼·黑塞（据传）
42,"Es gibt ein Ziel, aber keinen Weg; was wir Weg nennen, ist Zögern.",Franz Kafka,有目标，却没有路；我们称之为路的，不过是犹豫。,弗朗茨·卡夫卡
43,"Da steh ich nun, ich armer Tor! Und bin so klug als wie zuvor.",Johann Wolfgang von Goethe,如今我站在这里，可怜的傻瓜！却依旧不比从前聪明半分。（自嘲学了半天毫无长进，出自《浮士德》）,约翰·沃尔夫冈·冯·歌德
44,"Ohne Hast, aber ohne Rast.",Johann Wolfgang von Goethe,不慌不忙，亦不休不止。,约翰·沃尔夫冈·冯·歌德
45,Die Lüge wird zur Weltordnung gemacht.,Franz Kafka,谎言被变成了世界的秩序。,弗朗茨·卡夫卡
46,"Das Schicksal mischt die Karten, und wir spielen.",Arthur Schopenhauer,命运负责洗牌，而出牌的是我们自己。,亚瑟·叔本华
47,Meistens belehrt uns erst der Verlust über den Wert der Dinge.,Arthur Schopenhauer,往往只有在失去之后，我们才懂得事物的价值。,亚瑟·叔本华
48,Jeder Tag ist ein kleines Leben.,Arthur Schopenhauer,每一天都是一段短暂的生命。,亚瑟·叔本华
49,"Wir denken selten an das, was wir haben, aber immer an das, was uns fehlt.",Arthur Schopenhauer,我们很少想到自己拥有的，却总是惦记着自己欠缺的。,亚瑟·叔本华
50,"Natürlicher Verstand kann fast jeden Grad von Bildung ersetzen, aber keine Bildung den natürlichen Verstand.",Arthur Schopenhauer,天生的心智几乎可以取代任何程度的教育，但教育绝不能取代天生的心智。,亚瑟·叔本华
51,Du musst dein Leben ändern.,Rainer Maria Rilke,你必须改变你的生活。,莱纳·玛利亚·里尔克
52,Leben Sie jetzt die Fragen.,Rainer Maria Rilke,请现在就活在这些问题之中。,莱纳·玛利亚·里尔克
53,Ich lebe mein Leben in wachsenden Ringen.,Rainer Maria Rilke,我在不断扩展的年轮中度过一生。,莱纳·玛利亚·里尔克
54,"Also lautet ein Beschluss: Dass der Mensch was lernen muss.",Wilhelm Busch,于是定下一条规矩：人总得学点东西。（出自《马克斯和莫里茨》）,威廉·布施
55,Irren ist menschlich.,Deutsches Sprichwort,人非圣贤，孰能无过。（犯错是人之常情。）,德国谚语
56,"Das Schönste, was wir erleben können, ist das Geheimnisvolle.",Albert Einstein,我们所能经历的最美的事物，便是神秘。,阿尔伯特·爱因斯坦
57,"Habe Mut, dich deines eigenen Verstandes zu bedienen!",Immanuel Kant,要有勇气运用你自己的理智！,伊曼努尔·康德
58,Aufklärung ist der Ausgang des Menschen aus seiner selbstverschuldeten Unmündigkeit.,Immanuel Kant,启蒙就是人类脱离自己所加之于自己的不成熟状态。,伊曼努尔·康德
59,"Wenn es einen Glauben gibt, der Berge versetzen kann, so ist es der Glaube an die eigene Kraft.",Marie von Ebner-Eschenbach,如果真有一种能移山的信念，那就是对自身力量的信念。,玛丽·冯·埃布纳-埃申巴赫
60,"Erst kommt das Fressen, dann kommt die Moral.",Bertolt Brecht,先要吃饱肚子，然后才能谈道德。,贝托尔特·布莱希特
61,"Ändere die Welt, sie braucht es.",Bertolt Brecht,去改变世界吧，它需要改变。,贝托尔特·布莱希特
62,"Wer nicht wagt, der nicht gewinnt.",Deutsches Sprichwort,不入虎穴，焉得虎子。（不冒险者无所获。）,德国谚语
63,Leben und leben lassen.,Deutsches Sprichwort,宽容待人。（自己生活，也让别人生活。）,德国谚语
64,Müßiggang ist aller Laster Anfang.,Deutsches Sprichwort,无所事事是万恶之源。,德国谚语
65,Für das Können gibt es nur einen Beweis: das Tun.,Marie von Ebner-Eschenbach,证明能力的唯一标准：行动。,玛丽·冯·埃布纳-埃申巴赫
66,"Vertrauen ist Mut, und Treue ist Kraft.",Marie von Ebner-Eschenbach,信任是勇气，而忠诚是力量。,玛丽·冯·埃布纳-埃申巴赫
67,"Beim Menschen ist es wie beim Velo. Nur wenn er fährt, kann er bequem die Balance halten.",Albert Einstein,人就像自行车，只有骑起来，才能轻松地保持平衡。（Velo 是瑞士德语的“自行车”）,阿尔伯特·爱因斯坦
68,Die glücklichen Sklaven sind die erbittertsten Feinde der Freiheit.,Marie von Ebner-Eschenbach,感到幸福的奴隶，是自由最死硬的敌人。,玛丽·冯·埃布纳-埃申巴赫
69,Liebe geht durch den Magen.,Deutsches Sprichwort,要想抓住一个人的心，先要抓住他的胃。（爱要穿过胃。）,德国谚语
70,"Vater werden ist nicht schwer, Vater sein dagegen sehr.",Wilhelm Busch,当上父亲不难，做好父亲却很难。,威廉·布施
71,"Denk ich an Deutschland in der Nacht, dann bin ich um den Schlaf gebracht.",Heinrich Heine,夜半思及德意志，我便再难入眠。,海因里希·海涅
72,"Die Zensur ist die jüngere von zwei schändlichen Schwestern, die ältere heißt Inquisition.",Johann Nepomuk Nestroy,审查制度是两个无耻姐妹中的妹妹，姐姐名叫宗教裁判所。,约翰·内波穆克·内斯特罗伊
73,Am Mut hängt der Erfolg.,Theodor Fontane (zugeschrieben),成功往往取决于勇气。,台奥多尔·冯塔纳（据传）
74,"Wie man in den Wald hineinruft, so schallt es heraus.",Deutsches Sprichwort,你怎样待人，人就怎样待你。（你怎么对着森林喊，森林就怎么回应你。）,德国谚语
75,Ordnung ist das halbe Leben.,Deutsches Sprichwort,秩序是生活的一半。,德国谚语
76,"Wenn man glücklich ist, soll man nicht noch glücklicher sein wollen.",Theodor Fontane (zugeschrieben),当你已经幸福时，就不要再妄求更幸福。,台奥多尔·冯塔纳（据传）
77,"Stets findet Überraschung statt. Da, wo man's nicht erwartet hat.",Wilhelm Busch,意外总会发生，偏偏在你没料到的地方。,威廉·布施
78,"Wer durch des Argwohns Brille schaut, sieht Raupen selbst im Sauerkraut.",Wilhelm Busch,戴着猜疑眼镜看东西的人，连酸菜里都能看出毛毛虫。,威廉·布施
79,"Man bleibt jung, solange man noch lernen, neue Gewohnheiten annehmen und Widerspruch ertragen kann.",Marie von Ebner-Eschenbach,只要还能学习、接受新习惯、容得下反对意见，人就依然年轻。,玛丽·冯·埃布纳-埃申巴赫
80,"Meistens hat, wenn zwei sich scheiden, einer etwas mehr zu leiden.",Wilhelm Busch,两人分道扬镳时，通常总有一方要多受些苦。,威廉·布施
81,Ein einziger dankbarer Gedanke gen Himmel ist das vollkommenste Gebet.,Gotthold Ephraim Lessing,一个感恩苍天的心念，便是最完美的祈祷。,戈特霍尔德·埃弗拉伊姆·莱辛
82,Aus nichts wird nichts.,Deutsches Sprichwort,无中不能生有。,德国谚语
83,"Geduld ist ein bitteres Kraut, aber es trägt süße Früchte.",Deutsches Sprichwort,忍耐是苦涩的草，但结出甜美的果实。,德国谚语
84,"Der Vorteil der Klugheit besteht darin, dass man sich dumm stellen kann. Das Gegenteil ist schon schwieriger.",Kurt Tucholsky,聪明的优势在于可以装傻，反过来可就难多了。,库尔特·图霍尔斯基
85,"Erst die Arbeit, dann das Vergnügen.",Deutsches Sprichwort,先苦后甜。（先工作，后娱乐。）,德国谚语
86,Den Freund erkennt man in der Not.,Deutsches Sprichwort,患难见真情。（困境中方知谁是真友。）,德国谚语
87,"Nichts ist schwerer und nichts erfordert mehr Charakter, als sich im offenen Gegensatz zu seiner Zeit zu befinden.",Kurt Tucholsky,没有什么比公开站到自己时代的对立面更考验品格的了。,库尔特·图霍尔斯基
88,"An allem Unfug, der passiert, sind nicht etwa nur die schuld, die ihn tun, sondern auch die, die ihn nicht verhindern.",Erich Kästner,一切正在发生的荒唐事，责任不仅在于作恶者，也在于不加阻止者。,埃里希·凯斯特纳
89,"Eins, zwei, drei! Im Sauseschritt läuft die Zeit; wir laufen mit.",Wilhelm Busch,一、二、三！时间飞奔向前，我们也跟着奔跑。,威廉·布施
90,Ein fauler Apfel steckt hundert gesunde an.,Deutsches Sprichwort,一颗烂苹果，坏了一筐好苹果。,德国谚语
91,Wird's besser? Wird's schlimmer? fragt man alljährlich. Seien wir ehrlich: Leben ist immer lebensgefährlich.,Erich Kästner,人们年复一年地问着：会变好吗？会变坏吗？坦白说吧：活着总有生命危险。,埃里希·凯斯特纳
92,Bäume wachsen nicht in den Himmel.,Deutsches Sprichwort,树长得再高也碰不到天。（事物总有其限度。）,德国谚语
93,Die Geschichte aller bisherigen Gesellschaft ist die Geschichte von Klassenkämpfen.,Karl Marx / Friedrich Engels,至今一切社会的历史都是阶级斗争的历史。,卡尔·马克思 / 弗里德里希·恩格斯
94,"Proletarier aller Länder, vereinigt euch!",Karl Marx / Friedrich Engels,全世界无产者，联合起来！,卡尔·马克思 / 弗里德里希·恩格斯
95,"Ein Abschied schmerzt immer, auch wenn man sich schon lange darauf gefreut hat.",Arthur Schnitzler,告别总是令人痛苦的，即使你早就盼着它。,阿图尔·施尼茨勒
96,"Bereit sein ist viel, warten können ist mehr, doch erst: den rechten Augenblick nützen ist alles.",Arthur Schnitzler,准备好固然重要，能耐心等待更难得，但最关键的还是：抓住时机。,阿图尔·施尼茨勒
97,"Wo Kinder sind, da ist ein goldenes Zeitalter.",Novalis,哪里有孩子，哪里就是黄金时代。,诺瓦利斯
98,Jeder geliebte Gegenstand ist der Mittelpunkt eines Paradieses.,Novalis,每一样被爱着的事物，都是一座天堂的中心。,诺瓦利斯
99,Die Grenzen meiner Sprache bedeuten die Grenzen meiner Welt.,Ludwig Wittgenstein,我语言的界限，意味着我世界的界限。,路德维希·维特根斯坦
100,Der Tod ist kein Ereignis des Lebens. Den Tod erlebt man nicht.,Ludwig Wittgenstein,死亡不是生命中的事件。人是体验不到死亡的。,路德维希·维特根斯坦
101,"Wo Es war, soll Ich werden.",Sigmund Freud,本我所在之处，自我应当取而代之。,西格蒙德·弗洛伊德
102,Ein blindes Huhn findet auch mal ein Korn.,Deutsches Sprichwort,瞎猫碰上死耗子。（瞎眼的母鸡也能找到谷粒。）,德国谚语
103,Der Apfel fällt nicht weit vom Stamm.,Deutsches Sprichwort,有其父必有其子。（苹果落地不会离树干太远。）,德国谚语
104,"Hunde, die bellen, beißen nicht.",Deutsches Sprichwort,吠犬不咬人。,德国谚语
105,"Pech im Spiel, Glück in der Liebe.",Deutsches Sprichwort,赌场失意，情场得意。,德国谚语
106,"Wer A sagt, muss auch B sagen.",Deutsches Sprichwort,既然开了头，就得做到底。（说了A，就得说B。）,德国谚语
107,"Wer im Glashaus sitzt, sollte nicht mit Steinen werfen.",Deutsches Sprichwort,自身不净者，勿揭他人短。（坐在玻璃房里的人，不该扔石头。）,德国谚语
108,"Kommt Zeit, kommt Rat.",Deutsches Sprichwort,车到山前必有路。（时间一到，办法自来。）,德国谚语
109,"Schuster, bleib bei deinem Leisten.",Deutsches Sprichwort,守好本分，莫论外行。（鞋匠，请守着你的鞋楦。）,德国谚语
110,Man sieht sich immer zweimal im Leben.,Deutsches Sprichwort,人生何处不相逢。,德国谚语
111,Besser ein Spatz in der Hand als eine Taube auf dem Dach.,Deutsches Sprichwort,双鸟在林不如一鸟在手。（手中的麻雀胜过屋顶的鸽子。）,德国谚语
112,Lehrjahre sind keine Herrenjahre.,Deutsches Sprichwort,学徒期不是做老爷的日子。（学艺必受苦。）,德国谚语
113,Es ist noch kein Meister vom Himmel gefallen.,Deutsches Sprichwort,没有人天生就是大师。,德国谚语
114,"Wer sein eigenes Leben und das seiner Mitmenschen als sinnlos empfindet, der ist nicht nur unglücklich, sondern auch kaum lebensfähig.",Albert Einstein,觉得自己的生命和同类的生命毫无意义的人，不仅不幸，而且几乎无法生存。,阿尔伯特·爱因斯坦
115,"Alles Große in unserer Welt geschieht nur, weil jemand mehr tut, als er muss.",Hermann Gmeiner,世间所有的伟大之所以发生，只因有人做了超出职责之外的事。,赫尔曼·格迈纳
116,"Dieses war der erste Streich, doch der zweite folgt sogleich.",Wilhelm Busch,这是第一个恶作剧，第二个马上就来。（出自《马克斯和莫里茨》）,威廉·布施
117,Aller guten Dinge sind drei.,Deutsches Sprichwort,好事成三。,德国谚语
118,"Arbeit bringt Brot, Faulenzen Hungersnot.",Deutsches Sprichwort,劳动带来面包，懒惰带来饥荒。,德国谚语
119,Selbsterkenntnis ist der erste Schritt zur Besserung.,Deutsches Sprichwort,有自知之明是改正错误的第一步。,德国谚语
120,Ein voller Bauch studiert nicht gern.,Deutsches Sprichwort,饱汉不爱读书。（肚子饱了不想学习。）,德国谚语
121,"Man muss etwas Neues machen, um etwas Neues zu sehen.",Georg Christoph Lichtenberg,要做新的事，才能看见新的东西。,格奥尔格·克里斯托弗·利希滕贝格
122,Jeder Mensch ist ein Künstler.,Joseph Beuys,每个人都是艺术家。,约瑟夫·博伊斯
123,Es wächst der Mensch mit seinen größern Zwecken.,Friedrich Schiller,人随着更远大的目标而成长。,弗里德里希·席勒
124,Die Hoffnung stirbt zuletzt.,Deutsches Sprichwort,希望是最后才消亡的。,德国谚语
125,Alter schützt vor Torheit nicht.,Deutsches Sprichwort,岁数大，不一定不犯傻。,德国谚语
126,"Man muss den Dingen die eigene, stille ungestörte Entwicklung lassen.",Rainer Maria Rilke,应当让事物按自己的方式，安静而不受打扰地成长。,莱纳·玛利亚·里尔克
127,Es ist nichts schrecklicher als eine tätige Unwissenheit.,Johann Wolfgang von Goethe,没有什么比积极行动的盲目无知更可怕的了。,约翰·沃尔夫冈·冯·歌德
128,Es gibt keinen Zufall.,Friedrich Schiller,世间没有偶然。,弗里德里希·席勒
129,"Nichts wird so oft unwiederbringlich versäumt wie eine Gelegenheit, die sich täglich bietet.",Marie von Ebner-Eschenbach,最常被错过且一去不返的，恰恰是每天都摆在眼前的机会。,玛丽·冯·埃布纳-埃申巴赫
130,Aufgeschoben ist nicht aufgehoben.,Deutsches Sprichwort,延缓不等于取消。,德国谚语
131,"Phantasie haben heißt nicht, sich etwas auszudenken, es heißt, sich aus den Dingen etwas zu machen.",Thomas Mann (zugeschrieben),拥有想象力，不是凭空臆想，而是从事物中造出些什么。,托马斯·曼（据传）
132,"Humor ist der Knopf, der verhindert, dass uns der Kragen platzt.",Joachim Ringelnatz (zugeschrieben),幽默是一颗纽扣，能防止我们的衣领崩开。（jemandem platzt der Kragen 意为“某人气炸了”，一语双关）,约阿希姆·林格尔纳茨（据传）
133,Man muss das Wahre immer wiederholen.,Johann Wolfgang von Goethe,真理必须被不断地重申。,约翰·沃尔夫冈·冯·歌德
134,Einbildung ist auch eine Bildung.,Deutsches Sprichwort,自负也算一种“学问”。（Einbildung 意为自负，Bildung 意为学识，一语双关）,德国谚语
135,In der Kunst ist das Beste gut genug.,Johann Wolfgang von Goethe,在艺术中，唯有最好的才够好。（出自《意大利游记》）,约翰·沃尔夫冈·冯·歌德
136,In der Kürze liegt die Würze.,Deutsches Sprichwort,简短才是精华。,德国谚语
137,"Ein Mann, ein Wort.",Deutsches Sprichwort,君子一言，驷马难追。,德国谚语
138,"Was Hänschen nicht lernt, lernt Hans nimmermehr.",Deutsches Sprichwort,幼时不学，长大难学。（小汉斯没学会的，大汉斯永远学不会。）,德国谚语
139,"Wenn zwei sich streiten, freut sich der Dritte.",Deutsches Sprichwort,鹬蚌相争，渔翁得利。,德国谚语
140,"Wer nicht hören will, muss fühlen.",Deutsches Sprichwort,不听劝告者必尝苦果。,德国谚语
141,Keine Antwort ist auch eine Antwort.,Deutsches Sprichwort,不回答本身也是一种回答。,德国谚语
142,Aus Schaden wird man klug.,Deutsches Sprichwort,吃一堑，长一智。,德国谚语
143,Not macht erfinderisch.,Deutsches Sprichwort,需要是发明之母。（困境让人富有创造力。）,德国谚语
144,Man soll den Tag nicht vor dem Abend loben.,Deutsches Sprichwort,不到傍晚，别夸这一天。（事情没到最后，别高兴太早。）,德国谚语
145,"Andere Länder, andere Sitten.",Deutsches Sprichwort,十里不同风，百里不同俗。,德国谚语
146,Eine Schwalbe macht noch keinen Sommer.,Deutsches Sprichwort,孤燕不成夏。,德国谚语
147,"Wer sich zum Wurm macht, kann nachher nicht klagen, wenn er mit Füßen getreten wird.",Immanuel Kant,把自己变成虫子的人，就不要抱怨被人踩在脚下。,伊曼努尔·康德
148,Gelegenheit macht Diebe.,Deutsches Sprichwort,见机起盗心。,德国谚语
149,"Nicht da ist man daheim, wo man seinen Wohnsitz hat, sondern wo man verstanden wird.",Christian Morgenstern,家不在你居住的地方，而在你被理解的地方。,克里斯蒂安·摩根施特恩
150,Die Welt ist klein.,Deutsches Sprichwort,世界真小。,德国谚语
151,Lachen ist gesund.,Deutsches Sprichwort,笑有益健康。（笑一笑，十年少。）,德国谚语
152,"Was du ererbt von deinen Vätern hast, erwirb es, um es zu besitzen.",Johann Wolfgang von Goethe,你从父辈那里继承的东西，要靠自己努力去赢得，才能真正拥有。,约翰·沃尔夫冈·冯·歌德
153,Vorfreude ist die schönste Freude.,Deutsches Sprichwort,期待本身就是最美的喜悦。,德国谚语
154,Träume sind Schäume.,Deutsches Sprichwort,梦如泡影。,德国谚语
155,"Wer zuerst kommt, mahlt zuerst.",Deutsches Sprichwort,捷足先登。（先到先磨面。）,德国谚语
156,Arbeit schändet nicht.,Deutsches Sprichwort,劳动不丢人。,德国谚语
157,Blut ist dicker als Wasser.,Deutsches Sprichwort,血浓于水。,德国谚语
158,Die Zeit heilt alle Wunden.,Deutsches Sprichwort,时间能治愈一切创伤。,德国谚语
159,Kleinvieh macht auch Mist.,Deutsches Sprichwort,积少成多。（小牲口也能产肥料。）,德国谚语
160,Ein Tropfen auf den heißen Stein.,Deutsches Sprichwort,杯水车薪。（热石头上的一滴水。）,德国谚语
161,"Was sich liebt, das neckt sich.",Deutsches Sprichwort,打是亲，骂是爱。,德国谚语
162,Einem geschenkten Gaul schaut man nicht ins Maul.,Deutsches Sprichwort,馈赠之物，勿吹毛求疵。,德国谚语
163,In der Not frisst der Teufel Fliegen.,Deutsches Sprichwort,饥不择食。,德国谚语
164,Jeder ist sich selbst der Nächste.,Deutsches Sprichwort,每个人都先顾着自己。,德国谚语
165,"Was du heute kannst besorgen, das verschiebe nicht auf morgen.",Deutsches Sprichwort,今日事，今日毕。,德国谚语
166,"Wo Rauch ist, ist auch Feuer.",Deutsches Sprichwort,无风不起浪。,德国谚语
167,Kinder und Narren sagen die Wahrheit.,Deutsches Sprichwort,孩子和傻子说真话。（童言无欺。）,德国谚语
168,Liebe macht blind.,Deutsches Sprichwort,爱情令人盲目。,德国谚语
169,Keine Rosen ohne Dornen.,Deutsches Sprichwort,玫瑰皆有刺。,德国谚语
170,"Wer anderen eine Grube gräbt, fällt selbst hinein.",Deutsches Sprichwort,害人终害己。,德国谚语
171,Kleider machen Leute.,Deutsches Sprichwort,人靠衣装，马靠鞍。（衣服造就人。）,德国谚语
172,Des einen Freud ist des anderen Leid.,Deutsches Sprichwort,几家欢喜几家愁。,德国谚语
173,Scherben bringen Glück.,Deutsches Sprichwort,碎碎平安。,德国谚语
174,Papier ist geduldig.,Deutsches Sprichwort,白纸黑字不等于事实。（纸是极有耐心的。）,德国谚语
175,Das letzte Hemd hat keine Taschen.,Deutsches Sprichwort,生不带来，死不带去。,德国谚语
176,Vorsicht ist die Mutter der Porzellankiste.,Deutsches Sprichwort,小心驶得万年船。,德国谚语
177,"Edel sei der Mensch, hilfreich und gut!",Johann Wolfgang von Goethe,人应当高尚、乐于助人且善良！,约翰·沃尔夫冈·冯·歌德
178,"Die Tat ist alles, nichts der Ruhm.",Johann Wolfgang von Goethe,行动就是一切，虚名毫无意义。,约翰·沃尔夫冈·冯·歌德
179,"Weil, so schließt er messerscharf, nicht sein kann, was nicht sein darf.",Christian Morgenstern,因为——他推论得斩钉截铁——不该存在的事，就不可能存在。,克里斯蒂安·摩根施特恩
180,In der Beschränkung zeigt sich erst der Meister.,Johann Wolfgang von Goethe,在限制之中，方显大师本色。,约翰·沃尔夫冈·冯·歌德
181,"Überhaupt lernt man nur von dem, den man liebt.",Johann Wolfgang von Goethe,总的来说，人只能向自己所爱的人学习。,约翰·沃尔夫冈·冯·歌德
182,"Die ich rief, die Geister, werd ich nun nicht los.",Johann Wolfgang von Goethe,我召来的那些精灵，如今却再也摆脱不掉了。（出自《魔法师的学徒》，比喻惹出的麻烦收不了场）,约翰·沃尔夫冈·冯·歌德
183,Lieber ein Ende mit Schrecken als ein Schrecken ohne Ende.,Ferdinand von Schill,宁可痛苦地结束，也不要无尽的痛苦。,费迪南·冯·席尔
184,"Ich bin der Geist, der stets verneint.",Johann Wolfgang von Goethe,我是那始终否定的精神。,约翰·沃尔夫冈·冯·歌德
185,Blut ist ein ganz besondrer Saft.,Johann Wolfgang von Goethe,血是一种非常特别的汁液。,约翰·沃尔夫冈·冯·歌德
186,Name ist Schall und Rauch.,Johann Wolfgang von Goethe,名字不过是虚无的声响和青烟。,约翰·沃尔夫冈·冯·歌德
187,"Es ist nicht genug zu wollen, man muss auch tun.",Johann Wolfgang von Goethe,光有愿望是不够的，还必须付诸行动。,约翰·沃尔夫冈·冯·歌德
188,Schlafende Hunde soll man nicht wecken.,Deutsches Sprichwort,别自找麻烦。（别唤醒沉睡的狗。）,德国谚语
189,Reisende soll man nicht aufhalten.,Deutsches Sprichwort,不应阻拦要离去的人。,德国谚语
190,"Das Leben gehört den Lebendigen an, und wer lebt, muss auf Wechsel gefasst sein.",Johann Wolfgang von Goethe,生活属于活着的人，活着就必须时刻准备迎接改变。,约翰·沃尔夫冈·冯·歌德
191,Es ist des Lernens kein Ende.,Robert Schumann,学无止境。,罗伯特·舒曼
192,"Lernst du nicht fremde Sprachen in den Ländern am besten, wo sie zu Hause sind?",Johann Wolfgang von Goethe,学外语，难道不是在它的家乡学得最好吗？（出自《威廉·迈斯特的漫游时代》）,约翰·沃尔夫冈·冯·歌德
193,"Ich habe keine besondere Begabung, sondern bin nur leidenschaftlich neugierig.",Albert Einstein,我没有特殊天赋，我只是拥有充满激情的求知欲。,阿尔伯特·爱因斯坦
194,Das ewig Unbegreifliche an der Welt ist ihre Begreiflichkeit.,Albert Einstein,世界最不可思议之处，在于它是可以被理解的。,阿尔伯特·爱因斯坦
195,"Wer einmal lügt, dem glaubt man nicht, und wenn er auch die Wahrheit spricht.",Deutsches Sprichwort,骗人一次，哪怕说真话也没人信。,德国谚语
196,"Zwei Dumme, ein Gedanke.",Deutsches Sprichwort,两个笨蛋，同一个想法。（自嘲式的“英雄所见略同”）,德国谚语
197,Gegensätze ziehen sich an.,Deutsches Sprichwort,性格互补者相互吸引。（对立面相互吸引。）,德国谚语
198,"Müde macht uns die Arbeit, die wir liegenlassen, nicht die, die wir tun.",Marie von Ebner-Eschenbach,让我们疲惫的，不是正在做的工作，而是搁置未做的工作。,玛丽·冯·埃布纳-埃申巴赫
199,"Irrtümer haben ihren Wert; jedoch nur hie und da. Nicht jeder, der nach Indien fährt, entdeckt Amerika.",Erich Kästner,错误自有其价值，但只是偶尔。并非每个驶向印度的人，都能发现美洲。,埃里希·凯斯特纳
200,"Nicht was wir erleben, sondern wie wir empfinden, was wir erleben, macht unser Schicksal aus.",Marie von Ebner-Eschenbach,构成我们命运的，并非我们经历了什么，而是我们如何去感受这些经历。,玛丽·冯·埃布纳-埃申巴赫
201,"Was lange währt, wird endlich gut.",Deutsches Sprichwort,功到自然成。（历时久远的事，最终总会变好。）,德国谚语
202,"Der Mensch ist etwas, das überwunden werden soll.",Friedrich Nietzsche,人是一种应当被超越的东西。,弗里德里希·尼采
203,"Gelobt sei, was hart macht.",Friedrich Nietzsche,使人坚强的，当受赞美。,弗里德里希·尼采
204,Alle verschwiegenen Wahrheiten werden giftig.,Friedrich Nietzsche,所有被隐瞒的真理都会变得有毒。,弗里德里希·尼采
205,"Nicht durch Zorn, sondern durch Lachen tötet man.",Friedrich Nietzsche,人不是用愤怒来杀戮，而是用笑声。,弗里德里希·尼采
206,"Man vergilt einem Lehrer schlecht, wenn man immer nur der Schüler bleibt.",Friedrich Nietzsche,如果永远只做学生，那便是对老师的糟糕回报。,弗里德里希·尼采
207,"Ich bin kein Mensch, ich bin Dynamit.",Friedrich Nietzsche,我不是人，我是炸药。,弗里德里希·尼采
208,"Glück ist das Gefühl davon, dass die Macht wächst.",Friedrich Nietzsche,幸福，就是感到权力在增长。,弗里德里希·尼采
209,"Mancher findet sein Herz nicht eher, als bis er seinen Kopf verliert.",Friedrich Nietzsche,有些人直到失去理智，才找到自己的心。,弗里德里希·尼采
210,Man brauche gewöhnliche Worte und sage ungewöhnliche Dinge.,Arthur Schopenhauer,用平常的词语，说不平常的事。,亚瑟·叔本华
211,"Die Freunde nennen sich aufrichtig, die Feinde sind es.",Arthur Schopenhauer,朋友自称真诚，而敌人才是真的真诚。,亚瑟·叔本华
212,"Wer nicht die Einsamkeit liebt, der liebt auch nicht die Freiheit.",Arthur Schopenhauer,不热爱孤独的人，也不热爱自由。,亚瑟·叔本华
213,"Man muss die Feste feiern, wie sie fallen.",Deutsches Sprichwort,逢节就过，及时行乐。（节日怎么降临，就怎么庆祝。）,德国谚语
214,Bescheidenheit bei mittelmäßigen Fähigkeiten ist bloße Ehrlichkeit.,Arthur Schopenhauer,对于平庸之才而言，谦虚只不过是诚实而已。,亚瑟·叔本华
215,"Lesen heißt mit einem fremden Kopfe, statt des eigenen, denken.",Arthur Schopenhauer,阅读就是用别人的头脑，而不是自己的头脑去思考。,亚瑟·叔本华
216,Raum ist in der kleinsten Hütte.,Friedrich Schiller,再小的茅屋也有容身之地。（原诗下句：für ein glücklich liebend Paar，即“容得下一对幸福相爱的恋人”）,弗里德里希·席勒
217,Mit der Dummheit kämpfen Götter selbst vergebens.,Friedrich Schiller,面对愚蠢，连众神也是无能为力。,弗里德里希·席勒
218,"Gefährlich ist's, den Leu zu wecken.",Friedrich Schiller,唤醒雄狮是危险的。,弗里德里希·席勒
219,Verbunden werden auch die Schwachen mächtig.,Friedrich Schiller,只要团结一致，弱者也能变得强大。,弗里德里希·席勒
220,"Das Alte stürzt, es ändert sich die Zeit.",Friedrich Schiller,旧事物在崩塌，时代正在改变。,弗里德里希·席勒
221,"Früh übt sich, was ein Meister werden will.",Friedrich Schiller,想要成为大师，必须早早开始磨炼。,弗里德里希·席勒
222,Der Starke ist am mächtigsten allein.,Friedrich Schiller,强者独处时最为强大。,弗里德里希·席勒
223,Am Ziel deiner Wünsche wirst du jedenfalls eines vermissen: dein Wandern zum Ziel.,Marie von Ebner-Eschenbach,到达心愿的终点时，你总会怀念一样东西：你走向目标的那段路。,玛丽·冯·埃布纳-埃申巴赫
224,"Man muss seinen Feinden verzeihen, aber nicht früher, als bis sie gehenkt werden.",Heinrich Heine,我们应当宽恕敌人，但必须等到他们被绞死之后。,海因里希·海涅
225,"Alles Gescheite ist schon gedacht worden, man muss nur versuchen, es noch einmal zu denken.",Johann Wolfgang von Goethe,一切聪明的想法早已有人想过，我们只需尝试把它再想一遍。,约翰·沃尔夫冈·冯·歌德
226,Philosophie ist eigentlich Heimweh.,Novalis,哲学，其实就是一种思乡病。,诺瓦利斯
227,Die Poesie ist das echt absolut Reelle.,Novalis,诗才是真正绝对的真实。,诺瓦利斯
228,Ein Charakter ist ein vollständig gebildeter Wille.,Novalis,品格就是彻底成熟并定型的意志。,诺瓦利斯
229,"Man sieht oft etwas hundertmal, tausendmal, ehe man es zum allerersten Mal wirklich sieht.",Christian Morgenstern,一样东西，我们往往看过上百遍、上千遍，才第一次真正看见它。,克里斯蒂安·摩根施特恩
230,Das ist ein weites Feld.,Theodor Fontane,那可是一个广阔的领域啊（意指：这话说来可就长了）。,台奥多尔·冯塔纳
231,"Der Schoß ist fruchtbar noch, aus dem das kroch.",Bertolt Brecht,孕育出这怪物的温床，如今依然肥沃。,贝托尔特·布莱希特
232,Das Denken gehört zu den größten Vergnügungen der menschlichen Rasse.,Bertolt Brecht,思考，是人类最大的乐趣之一。,贝托尔特·布莱希特
233,"Unglücklich das Land, das Helden nötig hat.",Bertolt Brecht,不幸的是那个需要英雄的国度。,贝托尔特·布莱希特
234,"Harte Schale, weicher Kern.",Deutsches Sprichwort,外刚内柔。（硬壳软核。）,德国谚语
235,Ein Käfig ging einen Vogel suchen.,Franz Kafka,一只笼子去寻找一只鸟。,弗朗茨·卡夫卡
236,Die Gedanken sind frei.,Deutsches Volkslied,思想是自由的。,德国民歌
237,"Oh, Hoffnung genug, unendlich viel Hoffnung – nur nicht für uns.",Franz Kafka (nach Max Brod),哦，希望多的是，无穷无尽的希望——只是不属于我们。,弗朗茨·卡夫卡（据马克斯·布罗德转述）
238,"Man hat nur Angst, wenn man mit sich selber nicht einig ist.",Hermann Hesse,人只有在与自己不和时，才会感到恐惧。,赫尔曼·黑塞
239,"Die Praxis sollte das Ergebnis des Nachdenkens sein, nicht umgekehrt.",Hermann Hesse (zugeschrieben),实践应当是深思熟虑的结果，而不是反过来。,赫尔曼·黑塞（据传）
240,"Damit das Mögliche entsteht, muss immer wieder das Unmögliche versucht werden.",Hermann Hesse,为了让可能的事物诞生，必须不断地去尝试不可能之事。,赫尔曼·黑塞
241,Ein guter Anfang ist die halbe Arbeit.,Deutsches Sprichwort,良好的开端是成功的一半。,德国谚语
242,Das Volk versteht das meiste falsch; aber es fühlt das meiste richtig.,Kurt Tucholsky,民众对大多数事情的理解往往是错的；但他们的直觉感受却往往是对的。,库尔特·图霍尔斯基
243,Die beste Bildung findet ein gescheiter Mensch auf Reisen.,Johann Wolfgang von Goethe,聪明人能在旅行中获得最好的教育。,约翰·沃尔夫冈·冯·歌德
244,Die Basis einer jeden gesunden Ordnung ist ein großer Papierkorb.,Kurt Tucholsky,任何健康秩序的基础，都是一个巨大的废纸篓。,库尔特·图霍尔斯基
245,"Handle nur nach derjenigen Maxime, durch die du zugleich wollen kannst, dass sie ein allgemeines Gesetz werde.",Immanuel Kant,只按照你同时也愿意它成为普遍法则的那个准则去行动。,伊曼努尔·康德
246,"Wie man sich bettet, so liegt man.",Deutsches Sprichwort,自作自受。（你怎么铺床，就怎么躺着。）,德国谚语
247,"Zweifle an allem wenigstens einmal, und wäre es auch der Satz: zweimal zwei ist vier.",Georg Christoph Lichtenberg,至少对一切事物怀疑一次，哪怕是“二乘二等于四”这样的常理。,格奥尔格·克里斯托弗·利希滕贝格
248,"Wer nichts als Chemie versteht, versteht auch die nicht recht.",Georg Christoph Lichtenberg,只懂化学的人，其实连化学也并没有真正懂。,格奥尔格·克里斯托弗·利希滕贝格
249,"Ich kann freilich nicht sagen, ob es besser werden wird, wenn es anders wird; aber so viel kann ich sagen: es muss anders werden, wenn es gut werden soll.",Georg Christoph Lichtenberg,我确实无法保证改变后一定会更好；但我敢说，若想变好，就必须改变。,格奥尔格·克里斯托弗·利希滕贝格
250,"Ein Buch ist ein Spiegel, wenn ein Affe hineinsieht, so kann kein Apostel herausgucken.",Georg Christoph Lichtenberg,书是一面镜子，如果一只猴子往里看，里面绝不会照出一个使徒来。,格奥尔格·克里斯托弗·利希滕贝格
251,"Ein Aphorismus braucht nicht wahr zu sein, aber er soll die Wahrheit überflügeln.",Karl Kraus,一句格言不必真实，但它应当比真实飞得更高。,卡尔·克劳斯
252,"Das Geheimnis des Agitators ist, sich so dumm zu machen, wie seine Zuhörer sind, damit sie glauben, sie seien so gescheit wie er.",Karl Kraus,煽动者的秘诀就是把自己降到和听众一样蠢，这样听众就会觉得自己和他一样聪明。,卡尔·克劳斯
253,"Sprache ist die Mutter, nicht die Magd des Gedankens.",Karl Kraus,语言是思想的母亲，而非思想的侍女。,卡尔·克劳斯
254,"Der Langsamste, der sein Ziel nicht aus den Augen verliert, geht noch immer geschwinder als jener, der ohne Ziel umherirrt.",Gotthold Ephraim Lessing,最慢的人只要不丢掉目标，也总比漫无目的四处乱转的人走得快。,戈特霍尔德·埃弗拉伊姆·莱辛
255,"Nur wer erwachsen wird und ein Kind bleibt, ist ein Mensch.",Erich Kästner,唯有长大成人却依然保有一颗童心的人，才算真正的人。,埃里希·凯斯特纳
256,"Was auch immer geschieht, nie dürft ihr so tief sinken, von dem Kakao, durch den man euch zieht, auch noch zu trinken.",Erich Kästner,无论发生什么，你们都不能堕落到这种地步：被人拖进可可里嘲弄，还把那可可喝下去。（durch den Kakao ziehen 意为嘲弄某人，一语双关）,埃里希·凯斯特纳
257,Die Weltgeschichte ist das Weltgericht.,Friedrich Schiller,世界历史就是对世界的最终审判。,弗里德里希·席勒
258,"Was der Bauer nicht kennt, das frisst er nicht.",Deutsches Sprichwort,农民没见过的东西，他是绝对不吃的（形容墨守成规、拒绝新事物）。,德国谚语
259,In der Ruhe liegt die Kraft.,Deutsches Sprichwort,力量源自内心的平静。,德国谚语
260,Hochmut kommt vor dem Fall.,Deutsches Sprichwort,骄者必败。,德国谚语
261,Die Katze lässt das Mausen nicht.,Deutsches Sprichwort,江山易改，本性难移。（猫改不了抓老鼠。）,德国谚语
262,Gut Ding will Weile haben.,Deutsches Sprichwort,慢工出细活。,德国谚语
263,Jedem Tierchen sein Pläsierchen.,Deutsches Sprichwort,萝卜青菜，各有所爱。（每只小动物都有自己的小乐趣。）,德国谚语
264,Man sieht den Wald vor lauter Bäumen nicht.,Deutsches Sprichwort,只见树木，不见森林。,德国谚语
265,Geld regiert die Welt.,Deutsches Sprichwort,有钱能使鬼推磨。（金钱统治世界。）,德国谚语
266,Alte Liebe rostet nicht.,Deutsches Sprichwort,旧情难忘。（古老的爱情不会生锈。）,德国谚语
267,Ein gebranntes Kind scheut das Feuer.,Deutsches Sprichwort,一朝被蛇咬，十年怕井绳。（被烧过的孩子怕火。）,德国谚语
268,Viele Köche verderben den Brei.,Deutsches Sprichwort,厨子多了煮坏粥（形容人多嘴杂办不成事）。,德国谚语
269,Übermut tut selten gut.,Deutsches Sprichwort,得意忘形，少有好下场。,德国谚语
270,Auf Regen folgt Sonnenschein.,Deutsches Sprichwort,雨过天晴。,德国谚语
271,"Ernst ist das Leben, heiter ist die Kunst.",Friedrich Schiller,严肃的是人生，欢快的是艺术。,弗里德里希·席勒
272,Jeder kehre vor seiner eigenen Tür.,Deutsches Sprichwort,各人先扫自家门前。（先管好自己，再去说别人。）,德国谚语
273,"Gegen eine Dummheit, die gerade in Mode ist, kommt keine Klugheit auf.",Theodor Fontane,面对正流行的愚蠢，任何聪明才智都无济于事。,台奥多尔·冯塔纳
274,"Wer nichts weiß, muss alles glauben.",Marie von Ebner-Eschenbach,什么都不知道的人，只能什么都相信。,玛丽·冯·埃布纳-埃申巴赫
275,"Es gibt nichts Gutes, außer man tut es.",Erich Kästner,除非付诸行动，否则就谈不上善。,埃里希·凯斯特纳
276,"Wo aber Gefahr ist, wächst das Rettende auch.",Friedrich Hölderlin,哪里有危险，哪里就生出拯救的力量。,弗里德里希·荷尔德林
277,Die Axt im Haus erspart den Zimmermann.,Friedrich Schiller,家中备有斧头，便省得请木匠。,弗里德里希·席勒
278,"Es kann der Frömmste nicht im Frieden bleiben, wenn es dem bösen Nachbar nicht gefällt.",Friedrich Schiller,若恶邻不容，再虔诚的人也无法安宁度日。,弗里德里希·席勒
279,"Wer mit Ungeheuern kämpft, mag zusehn, dass er nicht dabei zum Ungeheuer wird.",Friedrich Nietzsche,与怪物搏斗的人，要当心自己不要因此也变成怪物。,弗里德里希·尼采
280,"Der Krug geht so lange zum Brunnen, bis er bricht.",Deutsches Sprichwort,常在河边走，哪有不湿鞋。（水罐老往泉边提，总有一天要摔碎。）,德国谚语
281,Erfahrung heißt gar nichts. Man kann seine Sache auch 35 Jahre schlecht machen.,Kurt Tucholsky,经验说明不了什么。一个人可能把同一件事情搞砸 35 年。,库尔特·图霍尔斯基
282,"Sprache ist eine Waffe, haltet sie scharf.",Kurt Tucholsky,语言是武器，请保持它的锋利。,库尔特·图霍尔斯基
283,"Aus so krummem Holze, als woraus der Mensch gemacht ist, kann nichts ganz Gerades gezimmert werden.",Immanuel Kant,人是由如此弯曲的木材造成的，用它造不出任何完全笔直的东西。,伊曼努尔·康德
284,Wir sind mit dem Unsichtbaren näher als mit dem Sichtbaren verbunden.,Novalis,我们与不可见之物的联系，比与可见之物更紧密。,诺瓦利斯
285,"Sicher ist, dass nichts sicher ist. Selbst das nicht.",Joachim Ringelnatz (zugeschrieben),唯一确定的是没有什么是确定的，连这句话也不确定。,约阿希姆·林格尔纳茨（据传）
286,Die Politik bedeutet ein starkes langsames Bohren von harten Brettern mit Leidenschaft und Augenmaß zugleich.,Max Weber,政治意味着同时凭借激情与分寸感，用力而缓慢地钻透坚硬的木板。（出自《以政治为业》）,马克斯·韦伯
287,Hiersein ist herrlich.,Rainer Maria Rilke,能存在于此，便是极好的。,莱纳·玛利亚·里尔克
288,"Dort, wo man Bücher verbrennt, verbrennt man auch am Ende Menschen.",Heinrich Heine,在焚书的地方，最终也会焚人。,海因里希·海涅
289,Jeder Mensch hält die Grenzen seines eigenen Gesichtsfeldes für die Grenzen der Welt.,Arthur Schopenhauer,每个人都将自己视野的尽头，当作世界的尽头。,亚瑟·叔本华
290,Ein edler Mensch zieht edle Menschen an.,Johann Wolfgang von Goethe,高尚的人会吸引高尚的人。,约翰·沃尔夫冈·冯·歌德
291,"Man muss noch Chaos in sich haben, um einen tanzenden Stern gebären zu können.",Friedrich Nietzsche,一个人内心里必须还有混乱，才能诞生出舞动的星星。,弗里德里希·尼采
292,Gegen große Vorzüge eines anderen gibt es kein Rettungsmittel als die Liebe.,Johann Wolfgang von Goethe,面对他人的巨大长处，除了爱，别无补救之法。,约翰·沃尔夫冈·冯·歌德
293,"Selig sind die Vergesslichen, denn sie werden auch mit ihren Dummheiten fertig.",Friedrich Nietzsche,健忘者有福了，因为他们连自己的蠢事也能放下。,弗里德里希·尼采
294,"Wer die Wahrheit nicht weiß, der ist bloß ein Dummkopf. Aber wer sie weiß und sie eine Lüge nennt, der ist ein Verbrecher.",Bertolt Brecht,不知道真相的人只是傻瓜；但知道真相却称之为谎言的人，就是罪犯。,贝托尔特·布莱希特
295,Das Schicksal des Menschen ist der Mensch.,Bertolt Brecht,人的命运就是人。（人的命运取决于人自己。）,贝托尔特·布莱希特
296,"Toren und gescheite Leute sind gleich unschädlich. Nur die Halbnarren und Halbweisen, das sind die gefährlichsten.",Johann Wolfgang von Goethe,傻瓜和聪明人同样无害。唯有半傻不傻、半智不智的人，才是最危险的。,约翰·沃尔夫冈·冯·歌德
297,"Die Menschen, denen wir eine Stütze sind, geben uns den Halt im Leben.",Marie von Ebner-Eschenbach,那些被我们支撑的人，恰恰给了我们生活的依靠。,玛丽·冯·埃布纳-埃申巴赫
298,"Wer nicht mehr liebt und nicht mehr irrt, der lasse sich begraben.",Johann Wolfgang von Goethe,不再去爱、不再犯错的人，不如就此长眠吧。,约翰·沃尔夫冈·冯·歌德
299,"Es hört doch jeder nur, was er versteht.",Johann Wolfgang von Goethe,每个人终究只能听到自己能理解的东西。,约翰·沃尔夫冈·冯·歌德
300,"Was man nicht versteht, besitzt man nicht.",Johann Wolfgang von Goethe,凡是你未曾理解的事物，你都不曾真正拥有。,约翰·沃尔夫冈·冯·歌德
301,"Zwei Seelen wohnen, ach! in meiner Brust.",Johann Wolfgang von Goethe,唉！有两个灵魂栖息在我的胸膛里。,约翰·沃尔夫冈·冯·歌德
302,"Wenn man alle Gesetze studieren sollte, so hätte man gar keine Zeit, sie zu übertreten.",Johann Wolfgang von Goethe,如果人要去把所有的法律都研究透，那就根本没时间去触犯它们了。,约翰·沃尔夫冈·冯·歌德
303,"Der Mensch ist, was er als Mensch sein soll, erst durch die Bildung.",Georg Wilhelm Friedrich Hegel (zugeschrieben),人唯有通过教化，才能成为他作为人应当成为的样子。,格奥尔格·威廉·弗里德里希·黑格尔（据传）
304,Die dümmsten Bauern ernten die dicksten Kartoffeln.,Deutsches Sprichwort,傻人有傻福。（最笨的农民种出最大的土豆。）,德国谚语
305,"Ein jeder lernt nur, was er lernen kann.",Johann Wolfgang von Goethe,每个人只能学会他能学会的东西。（出自《浮士德》第一部）,约翰·沃尔夫冈·冯·歌德
306,"Wer hoch steigt, kann tief fallen.",Deutsches Sprichwort,爬得越高，摔得越重。,德国谚语
307,Von einem gewissen Punkt an gibt es keine Rückkehr mehr. Dieser Punkt ist zu erreichen.,Franz Kafka,从某一点开始，就再也没有回头路了。这一点是可以达到的。（ist zu erreichen 亦可理解为“必须达到”）,弗朗茨·卡夫卡
308,Der Ton macht die Musik.,Deutsches Sprichwort,说话的语气决定效果。（音调决定了音乐。）,德国谚语
309,Angst verleiht Flügel.,Deutsches Sprichwort,恐惧让人插上翅膀。（人一害怕就跑得飞快。）,德国谚语
310,Eine Hand wäscht die andere.,Deutsches Sprichwort,互惠互利。（一只手洗另一只手。）,德国谚语
311,"Eigentlich lernen wir nur von den Büchern, die wir nicht beurteilen können.",Johann Wolfgang von Goethe,实际上，我们只能从那些我们无法评判的书里学到东西。,约翰·沃尔夫冈·冯·歌德
312,"Es bildet ein Talent sich in der Stille, sich ein Charakter in dem Strom der Welt.",Johann Wolfgang von Goethe,才华在静谧中养成，品格在世事的洪流中铸就。,约翰·沃尔夫冈·冯·歌德
313,"Jedenfalls bin ich überzeugt, dass der Alte nicht würfelt.",Albert Einstein,无论如何，我确信那位“老头子”（指上帝）是不掷骰子的。（原信为 dass der nicht würfelt，der 承前文 der Alte 而省略）,阿尔伯特·爱因斯坦
314,"Was vernünftig ist, das ist wirklich; und was wirklich ist, das ist vernünftig.",Georg Wilhelm Friedrich Hegel,凡是合理的就是现实的，凡是现实的就是合理的。,格奥尔格·威廉·弗里德里希·黑格尔
315,"Wer fertig ist, dem ist nichts recht zu machen; ein Werdender wird immer dankbar sein.",Johann Wolfgang von Goethe,已经定型的人，怎么做都难让他满意；尚在成长的人，永远心怀感激。,约翰·沃尔夫冈·冯·歌德
316,"Wer Visionen hat, sollte zum Arzt gehen.",Helmut Schmidt (zugeschrieben),有愿景的人，应该去看医生。（Visionen 兼有“愿景”和“幻觉”之意，一语双关）,赫尔穆特·施密特（据传）
317,Kein Mensch muss müssen.,Gotthold Ephraim Lessing,没有人必须“必须”。,戈特霍尔德·埃弗拉伊姆·莱辛
318,Der Schwache zweifelt vor der Entscheidung; der Starke danach.,Karl Kraus,弱者在决断前怀疑，强者在决断后怀疑。,卡尔·克劳斯
319,Ein gutes Gewissen ist ein sanftes Ruhekissen.,Deutsches Sprichwort,问心无愧便是最好的安眠药。（好良心是柔软的安息枕。）,德国谚语
320,Das Leben ist kein Ponyhof.,Deutsches Sprichwort,生活不是游乐场。（生活不是处处轻松的。）,德国谚语
321,Der größte Feind des Rechts ist das Vorrecht.,Marie von Ebner-Eschenbach,权利最大的敌人是特权。（Recht 与 Vorrecht 构成文字游戏）,玛丽·冯·埃布纳-埃申巴赫
322,"Wenn die Zeit kommt, in der man könnte, ist die vorüber, in der man kann.",Marie von Ebner-Eschenbach,等到有机会做的时候，有能力做的时候却已经过去了。,玛丽·冯·埃布纳-埃申巴赫
323,"Sobald du dir vertraust, sobald weißt du zu leben.",Johann Wolfgang von Goethe,你只要一相信自己，立刻就懂得了如何生活。,约翰·沃尔夫冈·冯·歌德
324,"Wer A sagt, der muss nicht B sagen. Er kann auch erkennen, dass A falsch war.",Bertolt Brecht,说了 A 的人未必非得说 B，他也可以承认 A 原本就是错的。,贝托尔特·布莱希特
325,"Wer den Pfennig nicht ehrt, ist des Talers nicht wert.",Deutsches Sprichwort,不把一分钱当回事的人，也不配拥有一大笔钱。,德国谚语
326,Mit den Wölfen muss man heulen.,Deutsches Sprichwort,随波逐流。（与狼同处，就得跟着嚎叫。）,德国谚语
327,Man sollte nicht aus einer Mücke einen Elefanten machen.,Deutsches Sprichwort,不要小题大做。（别把蚊子夸大成大象。）,德国谚语
328,"Wer zuletzt lacht, lacht am besten.",Deutsches Sprichwort,谁笑到最后，谁笑得最好。,德国谚语
329,Morgenstund hat Gold im Mund.,Deutsches Sprichwort,早起的鸟儿有虫吃。（清晨的时光口含黄金。）,德国谚语
330,"Es ist nicht wahr, dass die kürzeste Linie immer die gerade ist.",Gotthold Ephraim Lessing,最短的线并不总是直线。（出自《论人类的教育》）,戈特霍尔德·埃弗拉伊姆·莱辛
331,"Wer zwei Hasen jagt, fängt keinen.",Deutsches Sprichwort,同时追两只兔子，最终一只也抓不到。,德国谚语
332,Gleich und gleich gesellt sich gern.,Deutsches Sprichwort,物以类聚，人以群分。,德国谚语
333,"Der Frieden ist nicht alles, aber alles ist ohne den Frieden nichts.",Willy Brandt,和平并非一切，但没有和平便失去了一切。,维利·勃兰特
334,"Es gehört oft mehr Mut dazu, seine Meinung zu ändern, als ihr treu zu bleiben.",Friedrich Hebbel (zugeschrieben),很多时候，改变自己的观点比坚持己见需要更大的勇气。,弗里德里希·黑贝尔（据传）
335,"Man muss das Gute tun, damit es in der Welt ist.",Marie von Ebner-Eschenbach (zugeschrieben),人必须去行善，善意才会存在于这个世界上。,玛丽·冯·埃布纳-埃申巴赫（据传）
336,"Was die Erfahrung aber und die Geschichte lehren, ist dieses, dass Völker und Regierungen niemals etwas aus der Geschichte gelernt haben.",Georg Wilhelm Friedrich Hegel,然而，经验和历史教给我们的却是：各民族和各国政府从未从历史中学到任何东西。,格奥尔格·威廉·弗里德里希·黑格尔
337,"Geteilte Freude ist doppelte Freude, geteiltes Leid ist halbes Leid.",Deutsches Sprichwort,共享快乐，快乐加倍；分担痛苦，痛苦减半。,德国谚语
338,Viele Hände machen der Arbeit ein schnelles Ende.,Deutsches Sprichwort,人多干活快。（人多力量大。）,德国谚语
339,"Ein Pessimist ist ein Mensch, der sich über schlechte Erfahrungen freut, weil sie ihm recht geben.",Heinz Rühmann (zugeschrieben),悲观主义者就是那种为糟糕经历感到高兴的人，因为这证明他是对的。,海因茨·吕曼（据传）
340,"Humor ist keine Gabe des Geistes, er ist eine Gabe des Herzens.",Ludwig Börne,幽默不是理智的天赋，而是心灵的天赋。,路德维希·伯尔内
341,"Wer den Schaden hat, braucht für den Spott nicht zu sorgen.",Deutsches Sprichwort,吃了亏的人，从来不缺别人的嘲笑。,德国谚语
342,"Was man von der Minute ausgeschlagen, gibt keine Ewigkeit zurück.",Friedrich Schiller,你从那一分钟里推开的东西，永恒也不会还给你。,弗里德里希·席勒
343,"Niemand ist mehr Sklave, als der sich für frei hält, ohne es zu sein.",Johann Wolfgang von Goethe,没有谁比那些自以为自由却实际并不自由的人更像是奴隶。,约翰·沃尔夫冈·冯·歌德
344,Stille Wasser sind tief.,Deutsches Sprichwort,静水流深。,德国谚语
345,"Was man nicht weiß, das eben brauchte man, und was man weiß, kann man nicht brauchen.",Johann Wolfgang von Goethe,不知道的，恰恰用得着；知道的，偏偏用不上。,约翰·沃尔夫冈·冯·歌德
346,"Jeder Mensch ist ein Abgrund; es schwindelt einem, wenn man hinabsieht.",Georg Büchner,每个人都是一道深渊，往下看时，会让人头晕目眩。,格奥尔格·毕希纳
347,Es gibt nichts Stilleres als eine geladene Kanone.,Heinrich Heine (zugeschrieben),世上没有什么比一门上好膛的大炮更安静的了。,海因里希·海涅（据传）
348,"Ein Kompromiss ist die Kunst, einen Kuchen so zu teilen, dass jeder meint, er habe das größte Stück bekommen.",Ludwig Erhard (zugeschrieben),妥协就是一种把蛋糕切得让每个人都以为自己分到了最大那一块的艺术。,路德维希·艾哈德（据传）
349,"Glück und Glas, wie leicht bricht das.",Deutsches Sprichwort,运气犹如玻璃，何其容易破碎。,德国谚语
350,"Wenn der Berg nicht zum Propheten kommt, muss der Prophet zum Berge gehen.",Deutsches Sprichwort,山不就我，我来就山。,德国谚语
351,"Der Charakter ruht auf der Persönlichkeit, nicht auf den Talenten.",Johann Wolfgang von Goethe,品格建立在人格基础之上，而非取决于才华。,约翰·沃尔夫冈·冯·歌德
352,"Durch nichts bezeichnen die Menschen mehr ihren Charakter als durch das, was sie lächerlich finden.",Johann Wolfgang von Goethe,要看清一个人的品格，没有什么比观察他觉得什么东西可笑更准确的了。,约翰·沃尔夫冈·冯·歌德
353,"Denn ich bin ein Mensch gewesen, und das heißt ein Kämpfer sein.",Johann Wolfgang von Goethe,因为我曾是一个人，而这意味着做一名战士。,约翰·沃尔夫冈·冯·歌德
354,Die Einsamkeit ist das Los aller hervorragenden Geister.,Arthur Schopenhauer,孤独是所有杰出精神的宿命。,亚瑟·叔本华
355,Gott ist tot! Gott bleibt tot! Und wir haben ihn getötet!,Friedrich Nietzsche,上帝死了！上帝永远死了！是我们杀死了他！,弗里德里希·尼采
356,Die Religion ist der Seufzer der bedrängten Kreatur... sie ist das Opium des Volkes.,Karl Marx,宗教是受压迫生灵的叹息……它是人民的鸦片。,卡尔·马克思
357,"Die Philosophen haben die Welt nur verschieden interpretiert; es kommt aber darauf an, sie zu verändern.",Karl Marx,哲学家们只是用不同的方式解释世界，而问题在于改变世界。,卡尔·马克思
358,Mit Geduld und Spucke fängt man eine Mücke.,Deutsches Sprichwort,只要有耐心，铁杵磨成针。（用耐心和口水就能抓住蚊子。）,德国谚语
359,"Wo ein Wille ist, ist auch ein Weg.",Deutsches Sprichwort,有志者，事竟成。,德国谚语
360,"Wie gewonnen, so zerronnen.",Deutsches Sprichwort,来得容易，去得也快。,德国谚语
361,"Wer fremde Sprachen nicht kennt, weiß nichts von seiner eigenen.",Johann Wolfgang von Goethe,不懂外语的人，对自己的母语也一无所知。,约翰·沃尔夫冈·冯·歌德
362,"Grau, teurer Freund, ist alle Theorie, und grün des Lebens goldner Baum.",Johann Wolfgang von Goethe,亲爱的朋友，一切理论都是灰色的，唯有生命的金色之树常青。,约翰·沃尔夫冈·冯·歌德
363,Das Ewig-Weibliche zieht uns hinan.,Johann Wolfgang von Goethe,永恒的女性，引领我们向上。,约翰·沃尔夫冈·冯·歌德
364,Der Gescheitere gibt nach! Eine traurige Wahrheit; sie begründet die Weltherrschaft der Dummheit.,Marie von Ebner-Eschenbach,“聪明人让步！”——这是一个可悲的事实，它奠定了愚蠢对世界的统治。,玛丽·冯·埃布纳-埃申巴赫
365,"Man ist so alt, wie man sich fühlt.",Deutsches Sprichwort,人不觉老，便是不老。（人觉得多年轻就有多年轻。）,德国谚语
366,Das also war des Pudels Kern!,Johann Wolfgang von Goethe,原来这才是事情的真相！（原来这就是卷毛狗的内核！——出自《浮士德》）,约翰·沃尔夫冈·冯·歌德
367,"Wenn einer keine Angst hat, hat er keine Phantasie.",Erich Kästner,一个人如果从不知畏惧，那他一定毫无想象力。,埃里希·凯斯特纳
368,"Wir hoffen immer, und in allen Dingen ist besser hoffen als verzweifeln.",Johann Wolfgang von Goethe,我们总是心怀希望，而在任何事情上，抱有希望总胜过绝望。,约翰·沃尔夫冈·冯·歌德
369,Alle großen Ideen scheitern an den Leuten.,Bertolt Brecht (zugeschrieben),所有伟大的构想，最终都败在人身上。,贝托尔特·布莱希特（据传）
370,"Wer das erste Knopfloch verfehlt, kommt mit dem Zuknöpfen nicht zu Rande.",Johann Wolfgang von Goethe,第一粒纽扣若扣错了，这件衣服也就扣不好了。,约翰·沃尔夫冈·冯·歌德
371,"Der Wahn ist kurz, die Reu ist lang.",Friedrich Schiller,迷狂转瞬即逝，悔恨却绵绵无期。,弗里德里希·席勒
372,"Der Reichtum gleicht dem Seewasser: je mehr man davon trinkt, desto durstiger wird man.",Arthur Schopenhauer,财富就像海水，喝得越多，越是口渴。,亚瑟·叔本华
373,"Wer gar zu viel bedenkt, wird wenig leisten.",Friedrich Schiller,顾虑太多的人，成就必然有限。,弗里德里希·席勒
374,"Der Mensch ist, was er isst.",Ludwig Feuerbach,人如其食。,路德维希·费尔巴哈
375,Alles Vergängliche ist nur ein Gleichnis.,Johann Wolfgang von Goethe,一切消逝的事物，不过是一种象征。,约翰·沃尔夫冈·冯·歌德
376,"Wir erschrecken über unsere eigenen Sünden, wenn wir sie an anderen erblicken.",Johann Wolfgang von Goethe (zugeschrieben),当我们在别人身上瞥见自己的罪恶时，总会感到惊恐。,约翰·沃尔夫冈·冯·歌德（据传）
377,"Ein Mensch kann zwar tun, was er will, aber nicht wollen, was er will.",Arthur Schopenhauer (nach Einstein),人虽然能做他想做的事，却不能决定自己想要什么。,亚瑟·叔本华（据爱因斯坦转述）
378,Der kluge Mann baut vor.,Friedrich Schiller,聪明人未雨绸缪。（出自《威廉·退尔》）,弗里德里希·席勒
379,"Man muss das Eisen schmieden, solange es heiß ist.",Deutsches Sprichwort,趁热打铁。,德国谚语
380,"Von der Stirne heiß rinnen muss der Schweiß, soll das Werk den Meister loben.",Friedrich Schiller,滚烫的汗水须从额头淌下，作品方能为匠师增光。（出自《钟之歌》）,弗里德里希·席勒
381,Kleine Geschenke erhalten die Freundschaft.,Deutsches Sprichwort,小礼物维系友谊。,德国谚语
382,Keine Grenze verlockt mehr zum Schmuggel als die Altersgrenze.,Robert Musil,没有哪条界限比年龄线更让人想偷偷越过。（Grenze 兼指国界与界限，Schmuggel 指走私，一语双关）,罗伯特·穆齐尔
383,"Zu vollenden ist nicht die Sache des Schülers, es ist genug, wenn er sich übt.",Johann Wolfgang von Goethe,完成作品并不是学生的事，只要在练习，就足够了。（出自《威廉·迈斯特的学习时代》）,约翰·沃尔夫冈·冯·歌德
384,Der bestirnte Himmel über mir und das moralische Gesetz in mir.,Immanuel Kant,头顶璀璨的星空，以及我心中的道德法则。,伊曼努尔·康德
385,"Wer immer strebend sich bemüht, den können wir erlösen.",Johann Wolfgang von Goethe,凡是不断努力进取的人，我们都能将他救赎。,约翰·沃尔夫冈·冯·歌德
386,Lass die Leute reden und die Hunde bellen.,Deutsches Sprichwort,随人去说，任狗去叫。,德国谚语
387,"Leicht beieinander wohnen die Gedanken, doch hart im Raume stoßen sich die Sachen.",Friedrich Schiller,思想可以轻松地比邻而居，事物却在现实空间里激烈碰撞。,弗里德里希·席勒
388,"Wir leben alle unter dem gleichen Himmel, aber wir haben nicht alle den gleichen Horizont.",Konrad Adenauer (zugeschrieben),我们都生活在同一片天空下，但并非每个人都有同样的眼界。（Horizont 兼指“地平线”与“眼界”，一语双关）,康拉德·阿登纳（据传）
389,Alle Vorurteile kommen aus den Eingeweiden.,Friedrich Nietzsche,所有的偏见都源于人的肠胃。,弗里德里希·尼采
390,"Wovon man nicht sprechen kann, darüber muss man schweigen.",Ludwig Wittgenstein,对于不可言说之事，必须保持沉默。,路德维希·维特根斯坦
391,"Je planmäßiger die Menschen vorgehen, desto wirksamer trifft sie der Zufall.",Friedrich Dürrenmatt,人们行事越是周密计划，偶然就越有效地击中他们。,弗里德里希·迪伦马特
392,Toleranz sollte eigentlich nur eine vorübergehende Gesinnung sein: Sie muss zur Anerkennung führen.,Johann Wolfgang von Goethe,宽容本应仅仅是一种过渡的心态：它必须通向认可。,约翰·沃尔夫冈·冯·歌德
393,Jeder Topf findet seinen Deckel.,Deutsches Sprichwort,每个人总能找到适合自己的伴侣。（每个锅都能找到自己的盖子。）,德国谚语
394,"Jedes Naturgesetz, das sich offenbart, lässt ein höheres, noch unaufgeklärtes ahnen.",Alexander von Humboldt (zugeschrieben),揭开的每一条自然法则，都在暗示着一条尚未被探明的高等法则。,亚历山大·冯·洪堡（据传）
395,Wahrer Beruf für jeden war nur das eine: zu sich selbst zu kommen.,Hermann Hesse,每个人真正的天职只有一个：走向自己。,赫尔曼·黑塞
396,"Nur der ist froh, der geben mag.",Johann Wolfgang von Goethe,唯有乐于给予的人，才是真正快乐的。（出自《浮士德》第一部“城门前”，原为乞丐讨钱时的唱词）,约翰·沃尔夫冈·冯·歌德
397,"Jeder Mensch erfindet sich früher oder später eine Geschichte, die er für sein Leben hält.",Max Frisch,每个人迟早都会编造出一个故事，并将其当作自己的一生。,马克斯·弗里施
398,Der kürzeste Weg zu sich selbst führt um die Welt herum.,Hermann Keyserling,通往自我的最短道路，是环绕世界一周。,赫尔曼·凯泽林
399,Ein Buch muss die Axt sein für das gefrorene Meer in uns.,Franz Kafka,一本书必须是能劈开我们心中冰封之海的利斧。,弗朗茨·卡夫卡
400,"Der Mensch ist ein Seil, geknüpft zwischen Tier und Übermensch – ein Seil über einem Abgrunde.",Friedrich Nietzsche,人是一根系在动物与超人之间的绳索——一根悬于深渊之上的绳索。,弗里德里希·尼采
